,,,,,,,,,,,,,,,,,,,,,,,,,,,,,,,,,,,,,,,,,,,,,,,,,,,,,,,,,,,,,,,,,,,,,,,,,,,,,,,,,,,,,,,,,,,,,,,,,,,,,,,,,,,,,,,,,,,,,,,,,,,,,,,,,
Title:,COVID-19 daily situation report COVID-19 admissions estimates and beds occupied by patients with COVID-19 in England,,,,,,,,,,,,,,,,,,,,,,,,,,,,,,,,,,,,,,,,,,,,,,,,,,,,,,,,,,,,,,,,,,,,,,,,,,,,,,,,,,,,,,,,,,,,,,,,,,,,,,,,,,,,,,,,,,,,,,,,,,,,,,,,
Summary:,Number of estimated daily admissions and diagnoses for COVID-19 and number of beds occupied by patients with COVID-19,,,,,,,,,,,,,,,,,,,,,,,,,,,,,,,,,,,,,,,,,,,,,,,,,,,,,,,,,,,,,,,,,,,,,,,,,,,,,,,,,,,,,,,,,,,,,,,,,,,,,,,,,,,,,,,,,,,,,,,,,,,,,,,,
Period:,1 August 2020 to 06 December 2020,,,,,,,,,,,,,,,,,,,,,,,,,,,,,,,,,,,,,,,,,,,,,,,,,,,,,,,,,,,,,,,,,,,,,,,,,,,,,,,,,,,,,,,,,,,,,,,,,,,,,,,,,,,,,,,,,,,,,,,,,,,,,,,,
Source:,COVID-19 NHS Situation Report,,,,,,,,,,,,,,,,,,,,,,,,,,,,,,,,,,,,,,,,,,,,,,,,,,,,,,,,,,,,,,,,,,,,,,,,,,,,,,,,,,,,,,,,,,,,,,,,,,,,,,,,,,,,,,,,,,,,,,,,,,,,,,,,
Basis:,England and provider region,,,,,,,,,,,,,,,,,,,,,,,,,,,,,,,,,,,,,,,,,,,,,,,,,,,,,,,,,,,,,,,,,,,,,,,,,,,,,,,,,,,,,,,,,,,,,,,,,,,,,,,,,,,,,,,,,,,,,,,,,,,,,,,,
Published:,"Sunday, December 06, 2020",,,,,,,,,,,,,,,,,,,,,,,,,,,,,,,,,,,,,,,,,,,,,,,,,,,,,,,,,,,,,,,,,,,,,,,,,,,,,,,,,,,,,,,,,,,,,,,,,,,,,,,,,,,,,,,,,,,,,,,,,,,,,,,,
Status:,Published,,,,,,,,,,,,,,,,,,,,,,,,,,,,,,,,,,,,,,,,,,,,,,,,,,,,,,,,,,,,,,,,,,,,,,,,,,,,,,,,,,,,,,,,,,,,,,,,,,,,,,,,,,,,,,,,,,,,,,,,,,,,,,,,
Contact:,england.covid-data@nhs.net,,,,,,,,,,,,,,,,,,,,,,,,,,,,,,,,,,,,,,,,,,,,,,,,,,,,,,,,,,,,,,,,,,,,,,,,,,,,,,,,,,,,,,,,,,,,,,,,,,,,,,,,,,,,,,,,,,,,,,,,,,,,,,,,
,,,,,,,,,,,,,,,,,,,,,,,,,,,,,,,,,,,,,,,,,,,,,,,,,,,,,,,,,,,,,,,,,,,,,,,,,,,,,,,,,,,,,,,,,,,,,,,,,,,,,,,,,,,,,,,,,,,,,,,,,,,,,,,,,
1. Total reported admissions to hospital and diagnoses in hospital,,,,,,,,,,,,,,,,,,,,,,,,,,,,,,,,,,,,,,,,,,,,,,,,,,,,,,,,,,,,,,,,,,,,,,,,,,,,,,,,,,,,,,,,,,,,,,,,,,,,,,,,,,,,,,,,,,,,,,,,,,,,,,,,,
,,,,,,,,,,,,,,,,,,,,,,,,,,,,,,,,,,,,,,,,,,,,,,,,,,,,,,,,,,,,,,,,,,,,,,,,,,,,,,,,,,,,,,,,,,,,,,,,,,,,,,,,,,,,,,,,,,,,,,,,,,,,,,,,,
,Name,1-Aug-20,2-Aug-20,3-Aug-20,4-Aug-20,5-Aug-20,6-Aug-20,7-Aug-20,8-Aug-20,9-Aug-20,10-Aug-20,11-Aug-20,12-Aug-20,13-Aug-20,14-Aug-20,15-Aug-20,16-Aug-20,17-Aug-20,18-Aug-20,19-Aug-20,20-Aug-20,21-Aug-20,22-Aug-20,23-Aug-20,24-Aug-20,25-Aug-20,26-Aug-20,27-Aug-20,28-Aug-20,29-Aug-20,30-Aug-20,31-Aug-20,1-Sep-20,2-Sep-20,3-Sep-20,4-Sep-20,5-Sep-20,6-Sep-20,7-Sep-20,8-Sep-20,9-Sep-20,10-Sep-20,11-Sep-20,12-Sep-20,13-Sep-20,14-Sep-20,15-Sep-20,16-Sep-20,17-Sep-20,18-Sep-20,19-Sep-20,20-Sep-20,21-Sep-20,22-Sep-20,23-Sep-20,24-Sep-20,25-Sep-20,26-Sep-20,27-Sep-20,28-Sep-20,29-Sep-20,30-Sep-20,1-Oct-20,2-Oct-20,3-Oct-20,4-Oct-20,5-Oct-20,6-Oct-20,7-Oct-20,8-Oct-20,9-Oct-20,10-Oct-20,11-Oct-20,12-Oct-20,13-Oct-20,14-Oct-20,15-Oct-20,16-Oct-20,17-Oct-20,18-Oct-20,19-Oct-20,20-Oct-20,21-Oct-20,22-Oct-20,23-Oct-20,24-Oct-20,25-Oct-20,26-Oct-20,27-Oct-20,28-Oct-20,29-Oct-20,30-Oct-20,31-Oct-20,1-Nov-20,2-Nov-20,3-Nov-20,4-Nov-20,5-Nov-20,6-Nov-20,7-Nov-20,8-Nov-20,9-Nov-20,10-Nov-20,11-Nov-20,12-Nov-20,13-Nov-20,14-Nov-20,15-Nov-20,16-Nov-20,17-Nov-20,18-Nov-20,19-Nov-20,20-Nov-20,21-Nov-20,22-Nov-20,23-Nov-20,24-Nov-20,25-Nov-20,26-Nov-20,27-Nov-20,28-Nov-20,29-Nov-20,30-Nov-20,1-Dec-20,2-Dec-20,3-Dec-20,4-Dec-20,,
,ENGLAND,50,57,74,58,60,52,60,78,53,50,63,51,60,55,38,39,46,56,58,45,49,25,44,41,60,52,69,44,52,38,52,58,79,69,67,94,85,84,99,136,143,135,143,153,172,194,183,199,205,204,237,275,268,314,288,274,245,241,308,310,328,368,371,386,478,472,524,491,513,544,515,628,664,764,706,792,632,785,870,861,925,997,987,997,990,"1,186","1,279","1,190","1,239","1,345","1,109","1,240","1,280","1,331","1,246","1,382","1,346","1,182","1,319","1,488","1,551","1,592","1,711","1,666","1,433","1,388","1,467","1,560","1,491","1,571","1,484","1,316","1,255","1,333","1,385","1,277","1,415","1,198","1,055","1,065","1,215","1,216","1,271","1,262","1,337","1,248",,
,East of England,2,7,7,5,5,4,10,6,3,8,7,1,6,8,2,4,5,4,4,2,3,2,2,0,8,4,3,3,5,1,0,2,8,5,2,6,1,5,2,5,5,6,11,4,11,13,8,6,4,4,6,7,11,7,13,16,12,15,13,10,18,11,19,19,16,23,11,17,23,19,16,27,24,32,27,41,23,37,41,43,33,50,51,56,42,62,55,51,68,68,67,56,67,55,76,87,67,61,58,70,103,103,102,127,83,87,109,82,100,109,93,105,73,131,96,103,99,85,64,87,87,130,122,109,124,106,,
,London,5,10,2,5,12,7,7,2,10,9,18,5,9,8,4,7,2,6,7,6,5,3,8,6,9,5,5,11,6,6,6,6,11,15,11,23,12,5,11,17,19,13,19,23,31,26,25,28,41,32,38,44,35,36,47,36,28,23,28,36,31,50,37,38,27,47,43,46,39,55,51,50,69,73,76,78,67,87,95,90,89,114,108,125,108,118,155,109,112,140,126,132,134,136,103,123,118,101,109,150,136,147,134,152,136,139,170,154,152,179,173,116,165,145,147,131,200,155,124,107,154,146,160,162,156,170,,
,Midlands,8,5,13,8,12,8,5,12,12,4,6,6,16,13,15,11,14,15,9,12,10,9,9,8,12,12,13,2,12,8,15,10,14,7,17,24,19,20,27,32,30,31,22,31,36,33,37,36,39,43,43,30,61,55,59,61,52,48,58,55,57,62,67,53,68,97,78,81,77,87,78,101,109,161,129,146,132,108,165,173,208,197,230,181,174,220,278,268,229,288,234,250,274,284,261,298,324,279,300,362,397,392,437,368,372,346,330,391,358,381,352,325,275,305,372,333,349,270,232,253,277,284,323,328,344,356,,
,North East and Yorkshire,9,14,25,16,6,15,11,8,14,10,14,13,6,8,8,7,8,10,5,10,10,4,7,8,12,12,11,7,7,9,11,14,9,10,13,9,10,17,25,34,29,30,32,29,38,49,41,59,64,50,67,80,58,89,65,64,68,72,82,104,94,88,100,117,126,123,161,140,125,146,145,180,173,183,167,184,159,210,219,222,274,271,242,254,277,320,323,301,357,337,262,325,348,362,362,351,345,324,337,360,407,464,440,362,381,355,376,402,335,362,345,350,280,275,309,275,264,263,236,220,246,242,241,231,246,198,,
,North West,11,12,19,11,12,13,17,41,10,11,13,9,12,7,4,3,9,10,22,6,13,1,9,9,8,12,23,12,15,11,14,17,21,23,14,25,33,31,20,26,43,41,46,51,47,62,54,58,44,52,66,92,80,97,80,71,66,73,110,82,101,128,122,130,208,141,185,145,178,180,177,209,220,244,223,258,196,272,276,230,241,252,243,275,278,335,294,314,323,340,256,280,293,288,277,312,247,207,255,298,262,297,314,306,235,224,232,287,278,249,226,180,185,216,181,184,216,188,188,151,193,178,213,156,172,174,,
,South East,14,5,4,9,12,2,6,7,4,4,3,13,10,9,3,5,5,6,7,4,2,5,8,8,9,7,12,7,5,2,6,7,12,8,9,6,8,4,9,17,10,11,12,12,9,7,13,8,9,16,9,14,15,24,15,18,14,6,13,14,22,16,12,19,18,21,25,41,36,34,30,27,37,48,38,52,33,34,40,51,37,65,77,70,65,67,86,84,81,103,84,98,88,115,81,109,140,107,150,137,137,110,149,181,97,132,130,139,141,164,201,145,174,144,158,148,166,136,124,147,164,152,134,179,208,175,,
,South West,1,4,4,4,1,3,4,2,0,4,2,4,1,2,2,2,3,5,4,5,6,1,1,2,2,0,2,2,2,1,0,2,4,1,1,1,2,2,5,5,7,3,1,3,0,4,5,4,4,7,8,8,8,6,9,8,5,4,4,9,5,13,14,10,15,20,21,21,35,23,18,34,32,23,46,33,22,37,34,52,43,48,36,36,46,64,88,63,69,69,80,99,76,91,86,102,105,103,110,111,109,79,135,170,129,105,120,105,127,127,94,95,103,117,122,103,121,101,87,100,94,84,78,97,87,69,,
,,90,91,92,93,94,95,96,97,98,99,100,101,102,103,104,105,106,107,108,109,110,111,112,113,114,115,116,117,118,119,120,121,122,123,124,125,,,,,,,,,,,,,,,,,,,,,,,,,,,,,,,,,,,,,,,,,,,,,,,,,,,,,,,,,,,,,,,,,,,,,,,,,,,,,,,,,,,,,,,,,,,,
For NHS trusts and independent sector providers,,,,,,,,,,,,,,,,,,,,,,,,,,,,,,,,,,,,,,,,,,,,,,,,,,,,,,,,,,,,,,,,,,,,,,,,,,,,,,,,,,,,,,,,,,,,,,,,,,,,,,,,,,,,,,,,,,,,,,,,,,,,,,,,,
Shows the number of patients admitted in previous 24 hours where patient known to have COVID-19 plus patients diagnosed in hospital with COVID-19 in previous 24 hours,,,,,,,,,,,,,,,,,,,,,,,,,,,,,,,,,,,,,,,,,,,,,,,,,,,,,,,,,,,,,,,,,,,,,,,,,,,,,,,,,,,,,,,,,,,,,,,,,,,,,,,,,,,,,,,,,,,,,,,,,,,,,,,,,
,,,,,,,,,,,,,,,,,,,,,,,,,,,,,,,,,,,,,,,,,,,,,,,,,,,,,,,,,,,,,,,,,,,,,,,,,,,,,,,,,,,,,,,,,,,,,,,,,,,,,,,,,,,,,,,,,,,,,,,,,,,,,,,,,
2. Estimated new hospital cases,,,,,,,,,,,,,,,,,,,,,,,,,,,,,,,,,,,,,,,,,,,,,,,,,,,,,,,,,,,,,,,,,,,,,,,,,,,,,,,,,,,,,,,,,,,,,,,,,,,,,,,,,,,,,,,,,,,,,,,,,,,,,,,,,
,,,,,,,,,,,,,,,,,,,,,,,,,,,,,,,,,,,,,,,,,,,,,,,,,,,,,,,,,,,,,,,,,,,,,,,,,,,,,,,,,,,,,,,,,,,,,,,,,,,,,,,,,,,,,,,,,,,,,,,,,,,,,,,,,
,Name,1-Aug-20,2-Aug-20,3-Aug-20,4-Aug-20,5-Aug-20,6-Aug-20,7-Aug-20,8-Aug-20,9-Aug-20,10-Aug-20,11-Aug-20,12-Aug-20,13-Aug-20,14-Aug-20,15-Aug-20,16-Aug-20,17-Aug-20,18-Aug-20,19-Aug-20,20-Aug-20,21-Aug-20,22-Aug-20,23-Aug-20,24-Aug-20,25-Aug-20,26-Aug-20,27-Aug-20,28-Aug-20,29-Aug-20,30-Aug-20,31-Aug-20,1-Sep-20,2-Sep-20,3-Sep-20,4-Sep-20,5-Sep-20,6-Sep-20,7-Sep-20,8-Sep-20,9-Sep-20,10-Sep-20,11-Sep-20,12-Sep-20,13-Sep-20,14-Sep-20,15-Sep-20,16-Sep-20,17-Sep-20,18-Sep-20,19-Sep-20,20-Sep-20,21-Sep-20,22-Sep-20,23-Sep-20,24-Sep-20,25-Sep-20,26-Sep-20,27-Sep-20,28-Sep-20,29-Sep-20,30-Sep-20,1-Oct-20,2-Oct-20,3-Oct-20,4-Oct-20,5-Oct-20,6-Oct-20,7-Oct-20,8-Oct-20,9-Oct-20,10-Oct-20,11-Oct-20,12-Oct-20,13-Oct-20,14-Oct-20,15-Oct-20,16-Oct-20,17-Oct-20,18-Oct-20,19-Oct-20,20-Oct-20,21-Oct-20,22-Oct-20,23-Oct-20,24-Oct-20,25-Oct-20,26-Oct-20,27-Oct-20,28-Oct-20,29-Oct-20,30-Oct-20,31-Oct-20,1-Nov-20,2-Nov-20,3-Nov-20,4-Nov-20,5-Nov-20,6-Nov-20,7-Nov-20,8-Nov-20,9-Nov-20,10-Nov-20,11-Nov-20,12-Nov-20,13-Nov-20,14-Nov-20,15-Nov-20,16-Nov-20,17-Nov-20,18-Nov-20,19-Nov-20,20-Nov-20,21-Nov-20,22-Nov-20,23-Nov-20,24-Nov-20,25-Nov-20,26-Nov-20,27-Nov-20,28-Nov-20,29-Nov-20,30-Nov-20,1-Dec-20,2-Dec-20,3-Dec-20,4-Dec-20,,
,ENGLAND,36,45,66,47,52,43,48,49,46,39,58,46,41,43,33,33,37,48,47,34,37,22,42,31,49,38,59,35,49,33,43,51,70,58,56,79,67,71,86,124,124,119,131,136,156,165,167,181,179,185,221,259,247,290,259,247,215,223,280,287,302,333,332,353,451,432,494,447,467,494,487,589,640,727,682,765,600,754,841,825,881,950,956,952,951,"1,146","1,224","1,138","1,200","1,289","1,057","1,181","1,248","1,280","1,189","1,342","1,277","1,116","1,259","1,444","1,464","1,529","1,628","1,611","1,368","1,310","1,406","1,494","1,424","1,493","1,388","1,223","1,197","1,283","1,321","1,215","1,335","1,135",988,998,"1,155","1,155","1,207","1,189","1,276","1,165",,
,East of England,1,6,6,5,4,3,8,6,3,4,5,1,4,5,2,3,5,2,3,2,3,1,2,0,5,4,2,2,4,1,0,2,8,5,2,5,1,5,1,3,5,6,10,4,11,12,8,6,2,4,6,5,10,7,13,15,11,15,11,7,17,11,13,17,15,18,8,14,18,17,15,26,23,26,27,39,20,34,40,40,29,49,49,52,38,61,51,50,68,68,66,54,66,53,73,84,64,55,52,65,101,101,90,127,82,79,103,79,94,103,88,93,72,126,93,99,90,78,59,81,84,118,118,106,115,100,,
,London,4,8,2,5,9,7,5,2,10,9,16,3,8,7,3,6,2,6,4,6,4,3,8,5,9,4,3,10,6,6,5,5,9,13,9,19,10,5,9,16,15,11,17,23,27,22,21,27,38,27,35,41,32,32,45,29,26,23,26,32,29,48,33,37,24,43,41,44,38,51,50,49,66,69,75,77,66,85,92,87,86,113,105,118,108,112,148,107,108,133,121,128,133,129,98,122,108,91,106,149,131,141,131,149,130,127,168,152,146,175,165,111,160,139,142,125,193,148,121,102,149,138,157,151,149,155,,
,Midlands,6,4,11,6,12,6,5,9,10,4,6,6,8,12,14,9,12,14,7,11,9,8,8,6,11,8,12,2,10,6,12,9,13,6,14,20,13,15,25,31,27,30,16,26,30,31,31,30,29,40,37,30,55,53,56,58,45,43,55,52,54,57,54,44,61,92,68,68,68,71,71,97,105,156,125,141,129,105,158,168,202,190,223,178,173,213,271,257,224,277,224,238,265,277,252,293,313,272,290,352,366,386,424,356,364,329,317,372,345,358,329,307,261,289,348,317,321,253,209,235,261,278,303,303,330,335,,
,North East and Yorkshire,5,14,23,13,4,13,9,8,12,9,13,13,6,7,7,7,4,6,5,8,8,4,7,8,12,11,10,7,7,9,11,14,7,7,12,8,9,15,23,33,24,27,30,26,36,44,40,55,62,45,65,73,57,83,59,59,59,68,78,97,85,73,91,107,123,110,155,122,108,136,135,168,162,171,153,173,140,200,210,208,255,245,230,242,256,303,301,279,342,313,241,295,330,342,338,332,317,303,319,344,373,432,415,341,362,330,354,375,312,341,316,319,266,261,296,264,247,252,219,198,232,228,231,212,229,182,,
,North West,8,7,17,10,11,10,14,17,9,8,13,7,7,4,3,2,8,9,19,1,8,1,9,5,7,7,21,9,15,9,11,13,18,19,9,20,25,26,16,22,37,34,45,43,44,48,50,53,37,48,62,88,73,87,69,62,61,65,96,78,92,119,119,121,201,134,181,139,171,170,171,195,216,235,219,253,192,264,270,222,235,244,238,263,266,328,282,302,312,333,249,274,292,277,266,306,241,198,242,290,255,286,301,292,220,218,223,277,273,238,216,173,182,210,171,170,205,176,179,143,180,168,199,147,167,161,,
,South East,12,3,3,5,11,2,5,6,2,3,3,12,7,6,3,5,5,6,7,2,2,4,7,6,5,4,9,5,5,2,4,6,12,8,9,6,7,3,8,16,10,10,12,12,8,5,13,8,8,16,9,14,13,24,12,18,11,6,12,14,21,15,12,18,16,18,23,40,35,32,27,26,37,48,37,51,31,32,40,51,36,64,77,66,64,65,86,82,79,100,83,97,88,114,80,107,136,104,145,135,130,109,140,179,89,126,124,136,135,159,191,136,165,143,156,145,163,130,117,144,161,144,130,177,204,168,,
,South West,0,3,4,3,1,2,2,1,0,2,2,4,1,2,1,1,1,5,2,4,3,1,1,1,0,0,2,0,2,0,0,2,3,0,1,1,2,2,4,3,6,1,1,2,0,3,4,2,3,5,7,8,7,4,5,6,2,3,2,7,4,10,10,9,11,17,18,20,29,17,18,28,31,22,46,31,22,34,31,49,38,45,34,33,46,64,85,61,67,65,73,95,74,88,82,98,98,93,105,109,108,74,127,167,121,101,117,103,119,119,83,84,91,115,115,95,116,98,84,95,88,81,69,93,82,64,,
,,90,91,92,93,94,95,96,97,98,99,100,101,102,103,104,105,106,107,108,109,110,111,112,113,114,115,116,117,118,119,120,121,122,123,124,125,,,,,,,,,,,,,,,,,,,,,,,,,,,,,,,,,,,,,,,,,,,,,,,,,,,,,,,,,,,,,,,,,,,,,,,,,,,,,,,,,,,,,,,,,,,,
For NHS trusts and independent sector providers,,,,,,,,,,,,,,,,,,,,,,,,,,,,,,,,,,,,,,,,,,,,,,,,,,,,,,,,,,,,,,,,,,,,,,,,,,,,,,,,,,,,,,,,,,,,,,,,,,,,,,,,,,,,,,,,,,,,,,,,,,,,,,,,,
Shows the number of patients admitted in previous 24 hours for the first time with COVID-19 plus the number of patients diagnosed in hospital in previous 24 hours ,,,,,,,,,,,,,,,,,,,,,,,,,,,,,,,,,,,,,,,,,,,,,,,,,,,,,,,,,,,,,,,,,,,,,,,,,,,,,,,,,,,,,,,,,,,,,,,,,,,,,,,,,,,,,,,,,,,,,,,,,,,,,,,,,
,,,,,,,,,,,,,,,,,,,,,,,,,,,,,,,,,,,,,,,,,,,,,,,,,,,,,,,,,,,,,,,,,,,,,,,,,,,,,,,,,,,,,,,,,,,,,,,,,,,,,,,,,,,,,,,,,,,,,,,,,,,,,,,,,
3. Estimated new admissions to hospital from the community,,,,,,,,,,,,,,,,,,,,,,,,,,,,,,,,,,,,,,,,,,,,,,,,,,,,,,,,,,,,,,,,,,,,,,,,,,,,,,,,,,,,,,,,,,,,,,,,,,,,,,,,,,,,,,,,,,,,,,,,,,,,,,,,,
,,,,,,,,,,,,,,,,,,,,,,,,,,,,,,,,,,,,,,,,,,,,,,,,,,,,,,,,,,,,,,,,,,,,,,,,,,,,,,,,,,,,,,,,,,,,,,,,,,,,,,,,,,,,,,,,,,,,,,,,,,,,,,,,,
,Name,1-Aug-20,2-Aug-20,3-Aug-20,4-Aug-20,5-Aug-20,6-Aug-20,7-Aug-20,8-Aug-20,9-Aug-20,10-Aug-20,11-Aug-20,12-Aug-20,13-Aug-20,14-Aug-20,15-Aug-20,16-Aug-20,17-Aug-20,18-Aug-20,19-Aug-20,20-Aug-20,21-Aug-20,22-Aug-20,23-Aug-20,24-Aug-20,25-Aug-20,26-Aug-20,27-Aug-20,28-Aug-20,29-Aug-20,30-Aug-20,31-Aug-20,1-Sep-20,2-Sep-20,3-Sep-20,4-Sep-20,5-Sep-20,6-Sep-20,7-Sep-20,8-Sep-20,9-Sep-20,10-Sep-20,11-Sep-20,12-Sep-20,13-Sep-20,14-Sep-20,15-Sep-20,16-Sep-20,17-Sep-20,18-Sep-20,19-Sep-20,20-Sep-20,21-Sep-20,22-Sep-20,23-Sep-20,24-Sep-20,25-Sep-20,26-Sep-20,27-Sep-20,28-Sep-20,29-Sep-20,30-Sep-20,1-Oct-20,2-Oct-20,3-Oct-20,4-Oct-20,5-Oct-20,6-Oct-20,7-Oct-20,8-Oct-20,9-Oct-20,10-Oct-20,11-Oct-20,12-Oct-20,13-Oct-20,14-Oct-20,15-Oct-20,16-Oct-20,17-Oct-20,18-Oct-20,19-Oct-20,20-Oct-20,21-Oct-20,22-Oct-20,23-Oct-20,24-Oct-20,25-Oct-20,26-Oct-20,27-Oct-20,28-Oct-20,29-Oct-20,30-Oct-20,31-Oct-20,1-Nov-20,2-Nov-20,3-Nov-20,4-Nov-20,5-Nov-20,6-Nov-20,7-Nov-20,8-Nov-20,9-Nov-20,10-Nov-20,11-Nov-20,12-Nov-20,13-Nov-20,14-Nov-20,15-Nov-20,16-Nov-20,17-Nov-20,18-Nov-20,19-Nov-20,20-Nov-20,21-Nov-20,22-Nov-20,23-Nov-20,24-Nov-20,25-Nov-20,26-Nov-20,27-Nov-20,28-Nov-20,29-Nov-20,30-Nov-20,1-Dec-20,2-Dec-20,3-Dec-20,4-Dec-20,,
,ENGLAND,30,37,50,36,48,41,43,43,40,35,55,44,38,42,32,33,31,43,42,31,35,21,41,28,46,37,47,33,46,31,38,40,61,51,52,74,62,65,78,105,105,98,113,122,138,157,141,162,170,167,203,225,231,268,237,230,200,201,251,268,258,292,296,306,403,377,405,374,403,430,431,495,535,614,563,638,498,634,698,692,729,773,759,809,775,953,"1,009",939,981,"1,047",862,984,"1,007","1,023",944,"1,100","1,038",954,"1,035","1,115","1,149","1,245","1,300","1,338","1,171","1,151","1,161","1,210","1,161","1,264","1,157","1,038",996,"1,035","1,044",984,"1,079",955,832,787,887,899,919,923,"1,015",949,,
,East of England,1,4,5,4,4,3,8,4,2,4,4,1,4,5,2,3,3,2,3,2,2,1,2,0,5,4,2,2,4,1,0,1,8,5,1,5,1,4,1,3,4,6,10,4,10,12,7,5,2,4,6,4,8,5,13,15,10,10,9,6,14,9,8,15,15,13,6,11,15,15,13,24,18,20,16,30,16,23,34,34,23,41,36,46,35,48,44,42,55,55,47,48,54,42,51,69,51,46,41,47,76,82,69,101,71,71,83,65,80,88,70,81,55,101,61,73,77,59,45,60,67,94,84,87,89,82,,
,London,4,7,1,5,8,7,5,2,9,8,16,3,8,6,3,6,2,6,4,4,4,2,8,4,9,4,3,10,6,6,5,5,9,13,9,17,10,5,8,13,13,11,14,23,23,22,18,24,35,22,32,32,30,29,44,29,26,20,21,28,25,43,31,34,24,42,35,42,36,46,49,44,59,64,62,66,58,77,80,73,76,97,80,105,95,94,129,95,94,108,100,113,107,109,83,105,89,79,94,120,103,116,110,131,111,114,141,124,116,152,136,95,132,118,120,99,161,128,104,87,118,114,125,130,124,134,,
,Midlands,5,4,10,2,12,6,5,8,9,3,6,6,7,12,13,9,11,13,7,11,9,8,8,6,10,8,8,2,10,6,11,5,13,6,14,19,13,15,25,27,22,22,16,26,26,30,27,28,28,38,35,28,54,52,52,52,42,38,51,48,44,46,42,38,56,73,57,56,56,55,58,84,82,128,107,126,112,83,135,142,159,158,184,159,144,183,221,209,182,230,183,202,228,220,199,242,268,230,236,271,274,313,335,295,317,298,260,304,281,309,279,252,215,241,295,252,251,217,180,189,210,215,243,210,256,275,,
,North East and Yorkshire,4,12,18,12,3,13,9,8,11,9,13,11,5,7,7,7,4,6,3,7,8,4,6,7,10,11,10,7,7,9,11,14,6,7,12,8,9,13,21,30,18,20,24,24,34,42,37,49,60,44,63,69,54,78,56,59,57,66,71,96,75,71,89,99,113,105,144,115,101,130,129,149,143,154,141,153,123,180,192,179,221,202,196,206,219,253,263,245,284,265,204,241,256,272,268,269,261,271,266,266,313,363,348,293,314,291,294,313,270,291,262,271,235,205,226,231,204,213,178,171,166,175,173,169,192,151,,
,North West,8,5,9,7,9,9,10,14,8,7,12,7,7,4,3,2,6,7,17,1,8,1,9,4,7,6,13,8,12,7,7,10,11,12,8,18,21,23,13,20,32,31,36,31,37,43,37,46,34,41,53,74,69,80,58,52,53,58,86,69,79,104,105,95,170,114,137,109,149,145,143,146,172,192,167,196,152,220,198,181,185,186,176,209,205,272,223,231,241,256,205,222,227,223,212,245,185,160,196,226,195,217,239,222,180,179,184,217,208,194,177,151,153,173,134,134,152,133,150,101,132,119,141,106,118,119,,
,South East,8,2,3,3,11,1,4,6,1,2,2,12,6,6,3,5,4,4,6,2,1,4,7,6,5,4,9,4,5,2,4,3,11,8,7,6,6,3,6,9,10,7,12,12,8,5,11,8,8,13,7,10,9,20,9,17,10,6,11,14,17,9,12,16,14,15,10,24,24,24,22,21,32,37,29,38,19,24,31,43,30,49,59,56,41,49,61,64,72,82,67,75,71,83,65,81,104,83,111,107,107,90,105,147,76,110,98,95,112,127,158,114,128,106,119,117,133,121,100,101,129,115,96,135,166,139,,
,South West,0,3,4,3,1,2,2,1,0,2,2,4,1,2,1,1,1,5,2,4,3,1,1,1,0,0,2,0,2,0,0,2,3,0,1,1,2,2,4,3,6,1,1,2,0,3,4,2,3,5,7,8,7,4,5,6,2,3,2,7,4,10,9,9,11,15,16,17,22,15,17,27,29,19,41,29,18,27,28,40,35,40,28,28,36,54,68,53,53,51,56,83,64,74,66,89,80,85,91,78,81,64,94,149,102,88,101,92,94,103,75,74,78,91,89,78,101,84,75,78,65,67,57,86,70,49,,
,,90,91,92,93,94,95,96,97,98,99,100,101,102,103,104,105,106,107,108,109,110,111,112,113,114,115,116,117,118,119,120,121,122,123,124,125,,,,,,,,,,,,,,,,,,,,,,,,,,,,,,,,,,,,,,,,,,,,,,,,,,,,,,,,,,,,,,,,,,,,,,,,,,,,,,,,,,,,,,,,,,,,
For NHS trusts and independent sector providers,,,,,,,,,,,,,,,,,,,,,,,,,,,,,,,,,,,,,,,,,,,,,,,,,,,,,,,,,,,,,,,,,,,,,,,,,,,,,,,,,,,,,,,,,,,,,,,,,,,,,,,,,,,,,,,,,,,,,,,,,,,,,,,,,
Shows the number of patients admitted in previous 24 hours for the first time with COVID-19 plus the number of patients diagnosed in hospital in previous 24 hours where the test was within 7 days of admission,,,,,,,,,,,,,,,,,,,,,,,,,,,,,,,,,,,,,,,,,,,,,,,,,,,,,,,,,,,,,,,,,,,,,,,,,,,,,,,,,,,,,,,,,,,,,,,,,,,,,,,,,,,,,,,,,,,,,,,,,,,,,,,,,
,,,,,,,,,,,,,,,,,,,,,,,,,,,,,,,,,,,,,,,,,,,,,,,,,,,,,,,,,,,,,,,,,,,,,,,,,,,,,,,,,,,,,,,,,,,,,,,,,,,,,,,,,,,,,,,,,,,,,,,,,,,,,,,,,
4. Estimated new hospital admissions from the community with 3-7 day lagging,,,,,,,,,,,,,,,,,,,,,,,,,,,,,,,,,,,,,,,,,,,,,,,,,,,,,,,,,,,,,,,,,,,,,,,,,,,,,,,,,,,,,,,,,,,,,,,,,,,,,,,,,,,,,,,,,,,,,,,,,,,,,,,,,
,,,,,,,,,,,,,,,,,,,,,,,,,,,,,,,,,,,,,,,,,,,,,,,,,,,,,,,,,,,,,,,,,,,,,,,,,,,,,,,,,,,,,,,,,,,,,,,,,,,,,,,,,,,,,,,,,,,,,,,,,,,,,,,,,
,Name,1-Aug-20,2-Aug-20,3-Aug-20,4-Aug-20,5-Aug-20,6-Aug-20,7-Aug-20,8-Aug-20,9-Aug-20,10-Aug-20,11-Aug-20,12-Aug-20,13-Aug-20,14-Aug-20,15-Aug-20,16-Aug-20,17-Aug-20,18-Aug-20,19-Aug-20,20-Aug-20,21-Aug-20,22-Aug-20,23-Aug-20,24-Aug-20,25-Aug-20,26-Aug-20,27-Aug-20,28-Aug-20,29-Aug-20,30-Aug-20,31-Aug-20,1-Sep-20,2-Sep-20,3-Sep-20,4-Sep-20,5-Sep-20,6-Sep-20,7-Sep-20,8-Sep-20,9-Sep-20,10-Sep-20,11-Sep-20,12-Sep-20,13-Sep-20,14-Sep-20,15-Sep-20,16-Sep-20,17-Sep-20,18-Sep-20,19-Sep-20,20-Sep-20,21-Sep-20,22-Sep-20,23-Sep-20,24-Sep-20,25-Sep-20,26-Sep-20,27-Sep-20,28-Sep-20,29-Sep-20,30-Sep-20,1-Oct-20,2-Oct-20,3-Oct-20,4-Oct-20,5-Oct-20,6-Oct-20,7-Oct-20,8-Oct-20,9-Oct-20,10-Oct-20,11-Oct-20,12-Oct-20,13-Oct-20,14-Oct-20,15-Oct-20,16-Oct-20,17-Oct-20,18-Oct-20,19-Oct-20,20-Oct-20,21-Oct-20,22-Oct-20,23-Oct-20,24-Oct-20,25-Oct-20,26-Oct-20,27-Oct-20,28-Oct-20,29-Oct-20,30-Oct-20,31-Oct-20,1-Nov-20,2-Nov-20,3-Nov-20,4-Nov-20,5-Nov-20,6-Nov-20,7-Nov-20,8-Nov-20,9-Nov-20,10-Nov-20,11-Nov-20,12-Nov-20,13-Nov-20,14-Nov-20,15-Nov-20,16-Nov-20,17-Nov-20,18-Nov-20,19-Nov-20,20-Nov-20,21-Nov-20,22-Nov-20,23-Nov-20,24-Nov-20,25-Nov-20,26-Nov-20,27-Nov-20,28-Nov-20,29-Nov-20,30-Nov-20,1-Dec-20,2-Dec-20,3-Dec-20,4-Dec-20,,
,ENGLAND,29,36,48,36,49,44,44,43,36,32,55,41,38,47,31,32,30,48,39,37,35,29,36,31,45,38,43,37,41,31,43,44,63,55,57,83,59,65,85,111,100,95,112,125,133,164,161,168,173,171,191,217,228,271,244,243,203,218,260,276,283,317,302,305,397,370,410,400,450,472,456,487,547,617,574,660,533,639,687,690,748,829,782,851,824,933,971,964,978,"1,034",924,"1,016",965,"1,030",990,"1,143","1,064","1,040","1,083","1,054","1,079","1,242","1,310","1,306","1,226","1,174","1,111","1,150","1,158","1,267","1,145","1,083","1,000","1,001","1,023","1,012","1,104","1,016",893,806,874,731,735,768,862,803,,
,East of England,1,4,3,3,3,3,8,5,2,4,4,2,3,6,2,5,2,2,2,4,0,2,2,0,3,4,1,2,4,1,1,1,11,5,1,4,2,1,1,3,5,6,11,4,10,12,7,4,2,9,7,5,9,6,8,16,8,12,9,7,15,9,6,17,19,13,12,14,17,12,11,20,18,22,17,30,19,22,36,34,31,39,37,46,40,43,43,43,54,53,46,50,51,41,53,76,54,54,51,41,74,90,70,95,84,75,74,62,82,87,67,85,53,94,56,77,94,66,54,67,68,67,71,72,73,67,,
,London,4,6,1,7,9,9,5,2,7,7,15,3,8,5,3,5,2,8,5,6,4,3,6,3,8,4,2,10,6,6,8,5,9,13,8,17,10,6,14,19,13,12,14,29,22,24,23,28,26,18,27,28,26,27,47,31,26,22,24,26,29,47,33,34,27,40,32,44,34,49,52,46,67,74,64,71,60,67,75,67,74,106,89,110,109,90,120,94,93,99,115,113,100,106,93,100,95,88,94,115,106,129,111,134,113,116,125,123,124,156,133,104,135,110,110,97,159,135,104,89,116,97,100,119,112,120,,
,Midlands,5,3,11,4,12,6,4,7,8,3,6,6,7,11,13,9,11,16,9,12,11,8,6,6,9,8,8,2,8,6,9,5,13,7,14,20,15,15,26,30,22,20,16,26,24,33,29,29,27,36,34,27,53,56,56,50,44,44,47,46,54,47,39,42,57,67,59,59,63,67,66,85,80,124,112,128,122,99,136,129,166,184,195,177,164,179,193,200,182,223,183,216,231,211,220,273,277,252,258,258,250,303,332,296,320,297,253,290,271,319,289,267,209,230,285,256,250,236,205,198,215,180,199,165,216,232,,
,North East and Yorkshire,4,13,19,11,2,14,9,7,11,10,13,9,6,7,6,6,5,5,4,7,8,3,6,6,10,11,10,7,7,9,11,15,6,8,16,9,8,13,20,28,17,20,26,25,33,49,42,50,64,44,56,67,52,77,61,60,58,68,78,100,82,80,91,94,106,107,143,117,110,136,126,140,149,149,140,170,137,182,200,194,220,212,198,215,219,249,264,262,274,268,226,251,238,285,274,271,257,288,271,256,294,359,354,281,328,301,287,298,270,287,251,275,237,204,225,243,205,232,187,173,154,147,128,138,159,128,,
,North West,7,5,8,5,10,8,10,14,8,6,12,8,8,8,3,3,5,9,13,2,8,5,6,6,10,7,13,13,12,4,9,13,10,12,11,27,16,25,16,21,26,30,33,26,35,39,44,45,42,45,53,70,74,82,57,61,58,62,88,78,83,115,103,92,160,112,137,130,174,165,152,145,166,189,174,201,154,214,184,174,191,195,184,215,217,266,217,238,245,252,218,224,215,220,208,248,201,174,208,217,174,199,254,212,187,179,174,189,199,187,177,158,157,172,142,137,163,139,155,91,125,87,109,85,100,100,,
,South East,8,2,2,3,12,2,5,7,0,0,3,10,5,8,3,3,4,3,4,2,1,7,9,9,5,4,7,3,2,5,5,3,11,10,6,5,6,3,4,7,11,6,11,13,9,4,12,10,9,14,7,12,7,19,10,19,7,7,12,12,16,9,19,16,17,15,10,21,30,27,32,25,31,38,24,30,22,31,31,48,31,53,55,53,41,49,59,69,76,84,74,82,65,91,76,88,99,95,112,94,103,90,103,142,86,120,107,96,115,132,153,115,129,104,116,120,130,121,112,110,130,97,78,108,138,116,,
,South West,0,3,4,3,1,2,3,1,0,2,2,3,1,2,1,1,1,5,2,4,3,1,1,1,0,0,2,0,2,0,0,2,3,0,1,1,2,2,4,3,6,1,1,2,0,3,4,2,3,5,7,8,7,4,5,6,2,3,2,7,4,10,11,10,11,16,17,15,22,16,17,26,36,21,43,30,19,24,25,44,35,40,24,35,34,57,75,58,54,55,62,80,65,76,66,87,81,89,89,73,78,72,86,146,108,86,91,92,97,99,75,79,80,87,89,82,103,87,76,78,66,56,50,81,64,40,,
,,90,91,92,93,94,95,96,97,98,99,100,101,102,103,104,105,106,107,108,109,110,111,112,113,114,115,116,117,118,119,120,121,122,123,124,125,,,,,,,,,,,,,,,,,,,,,,,,,,,,,,,,,,,,,,,,,,,,,,,,,,,,,,,,,,,,,,,,,,,,,,,,,,,,,,,,,,,,,,,,,,,,
For NHS trusts and independent sector providers,,,,,,,,,,,,,,,,,,,,,,,,,,,,,,,,,,,,,,,,,,,,,,,,,,,,,,,,,,,,,,,,,,,,,,,,,,,,,,,,,,,,,,,,,,,,,,,,,,,,,,,,,,,,,,,,,,,,,,,,,,,,,,,,,
Shows the number of patients admitted in previous 24 hours for the first time with COVID-19 plus the number of patients diagnosed in hospital in previous 24 hours where the test was within 48 hours of admission plus the number of patients diagnosed in hospital in previous 24 hours where the test was 3-7 days after admission (lagged by 5 days) ,,,,,,,,,,,,,,,,,,,,,,,,,,,,,,,,,,,,,,,,,,,,,,,,,,,,,,,,,,,,,,,,,,,,,,,,,,,,,,,,,,,,,,,,,,,,,,,,,,,,,,,,,,,,,,,,,,,,,,,,,,,,,,,,,
Note that the last 5 days of this time series may be an underestimate as they do not include diagnosed patients where the test was taken within 3-7 days of admission as that data element is not yet available. These figures will be revised as the data becomes available.,,,,,,,,,,,,,,,,,,,,,,,,,,,,,,,,,,,,,,,,,,,,,,,,,,,,,,,,,,,,,,,,,,,,,,,,,,,,,,,,,,,,,,,,,,,,,,,,,,,,,,,,,,,,,,,,,,,,,,,,,,,,,,,,,
,,,,,,,,,,,,,,,,,,,,,,,,,,,,,,,,,,,,,,,,,,,,,,,,,,,,,,,,,,,,,,,,,,,,,,,,,,,,,,,,,,,,,,,,,,,,,,,,,,,,,,,,,,,,,,,,,,,,,,,,,,,,,,,,,
5. Total reported hospital admissions and diagnoses from a care home,,,,,,,,,,,,,,,,,,,,,,,,,,,,,,,,,,,,,,,,,,,,,,,,,,,,,,,,,,,,,,,,,,,,,,,,,,,,,,,,,,,,,,,,,,,,,,,,,,,,,,,,,,,,,,,,,,,,,,,,,,,,,,,,,
,,,,,,,,,,,,,,,,,,,,,,,,,,,,,,,,,,,,,,,,,,,,,,,,,,,,,,,,,,,,,,,,,,,,,,,,,,,,,,,,,,,,,,,,,,,,,,,,,,,,,,,,,,,,,,,,,,,,,,,,,,,,,,,,,
,Name,1-Aug-20,2-Aug-20,3-Aug-20,4-Aug-20,5-Aug-20,6-Aug-20,7-Aug-20,8-Aug-20,9-Aug-20,10-Aug-20,11-Aug-20,12-Aug-20,13-Aug-20,14-Aug-20,15-Aug-20,16-Aug-20,17-Aug-20,18-Aug-20,19-Aug-20,20-Aug-20,21-Aug-20,22-Aug-20,23-Aug-20,24-Aug-20,25-Aug-20,26-Aug-20,27-Aug-20,28-Aug-20,29-Aug-20,30-Aug-20,31-Aug-20,1-Sep-20,2-Sep-20,3-Sep-20,4-Sep-20,5-Sep-20,6-Sep-20,7-Sep-20,8-Sep-20,9-Sep-20,10-Sep-20,11-Sep-20,12-Sep-20,13-Sep-20,14-Sep-20,15-Sep-20,16-Sep-20,17-Sep-20,18-Sep-20,19-Sep-20,20-Sep-20,21-Sep-20,22-Sep-20,23-Sep-20,24-Sep-20,25-Sep-20,26-Sep-20,27-Sep-20,28-Sep-20,29-Sep-20,30-Sep-20,1-Oct-20,2-Oct-20,3-Oct-20,4-Oct-20,5-Oct-20,6-Oct-20,7-Oct-20,8-Oct-20,9-Oct-20,10-Oct-20,11-Oct-20,12-Oct-20,13-Oct-20,14-Oct-20,15-Oct-20,16-Oct-20,17-Oct-20,18-Oct-20,19-Oct-20,20-Oct-20,21-Oct-20,22-Oct-20,23-Oct-20,24-Oct-20,25-Oct-20,26-Oct-20,27-Oct-20,28-Oct-20,29-Oct-20,30-Oct-20,31-Oct-20,1-Nov-20,2-Nov-20,3-Nov-20,4-Nov-20,5-Nov-20,6-Nov-20,7-Nov-20,8-Nov-20,9-Nov-20,10-Nov-20,11-Nov-20,12-Nov-20,13-Nov-20,14-Nov-20,15-Nov-20,16-Nov-20,17-Nov-20,18-Nov-20,19-Nov-20,20-Nov-20,21-Nov-20,22-Nov-20,23-Nov-20,24-Nov-20,25-Nov-20,26-Nov-20,27-Nov-20,28-Nov-20,29-Nov-20,30-Nov-20,1-Dec-20,2-Dec-20,3-Dec-20,4-Dec-20,,
,ENGLAND,5,5,10,13,5,2,7,4,1,3,6,1,2,3,3,1,4,5,5,1,1,1,1,2,1,4,4,1,0,1,2,0,4,3,2,4,3,5,2,6,1,5,9,9,6,7,3,6,11,7,6,11,8,9,8,10,7,9,10,14,8,13,10,12,23,18,19,19,14,27,29,43,30,38,35,39,35,47,51,43,56,56,53,40,46,54,44,49,43,55,41,46,62,68,65,60,86,63,82,78,92,85,119,105,78,86,89,106,86,93,82,65,82,88,76,74,78,85,64,83,93,100,85,73,90,67,,
,East of England,1,0,2,2,1,0,1,1,0,0,2,0,2,2,1,0,1,1,2,0,1,0,0,0,0,3,0,0,0,0,0,0,1,0,0,0,0,0,0,0,0,0,1,1,1,0,0,0,0,0,0,1,0,1,1,1,0,1,2,0,0,1,0,1,1,2,1,1,2,1,3,2,0,2,3,2,1,0,5,5,1,3,2,6,3,2,1,7,4,9,7,4,6,5,8,7,6,4,1,6,7,7,7,8,7,6,10,5,4,7,3,3,5,15,8,7,10,5,6,10,11,19,11,14,12,6,,
,London,0,1,0,0,1,1,0,0,0,1,2,0,0,0,0,0,0,0,1,0,0,0,0,0,0,0,0,0,0,0,0,0,0,1,0,0,0,0,0,1,0,1,0,1,1,0,0,0,2,0,1,1,2,0,0,2,0,0,0,1,0,3,0,0,0,1,1,0,0,0,1,0,0,1,2,2,2,1,1,1,2,2,3,2,0,3,1,1,2,3,1,4,4,5,1,6,2,3,11,4,10,6,5,4,4,3,6,7,5,6,9,5,9,4,7,13,5,2,5,5,5,9,11,4,5,4,,
,Midlands,1,0,2,1,0,0,0,0,0,0,0,0,0,0,2,1,0,0,0,1,0,1,0,0,0,0,0,0,0,0,0,0,0,0,1,1,0,1,0,1,0,1,0,0,1,1,0,0,1,0,1,0,1,0,1,0,0,0,1,3,1,1,2,4,1,1,3,3,1,4,3,4,3,7,4,8,4,5,7,8,13,13,12,5,9,14,14,14,7,6,5,5,15,15,18,9,18,16,13,16,21,16,34,17,15,31,19,25,13,18,22,17,19,17,23,14,22,22,15,22,24,20,20,21,31,14,,
,North East and Yorkshire,1,3,4,6,2,0,4,0,1,1,1,0,0,0,0,0,1,1,0,0,0,0,0,1,1,0,1,0,0,1,1,0,0,1,0,0,1,0,1,1,0,0,1,1,1,2,1,5,3,3,2,5,4,4,3,5,6,6,4,6,2,3,4,4,7,6,6,7,5,11,10,17,19,10,12,8,14,13,13,18,25,19,24,10,17,18,19,13,15,20,10,17,19,19,18,13,39,24,30,23,35,34,28,27,25,33,29,29,25,39,21,25,22,15,19,21,16,26,17,27,29,36,26,22,23,19,,
,North West,0,0,1,3,1,1,2,3,0,0,1,0,0,0,0,0,1,2,2,0,0,0,1,0,0,1,2,0,0,0,1,0,1,0,1,3,1,4,1,2,1,0,5,6,1,3,2,1,5,3,2,4,1,4,3,2,1,2,3,3,4,5,4,3,14,8,7,8,5,11,11,18,8,17,11,17,13,26,23,10,15,15,12,14,14,14,8,13,14,14,13,13,15,19,16,21,13,10,15,21,12,15,35,34,22,7,16,31,32,15,17,8,16,26,10,14,13,24,11,12,12,9,13,6,10,14,,
,South East,2,1,1,0,0,0,0,0,0,1,0,0,0,1,0,0,1,1,0,0,0,0,0,1,0,0,1,1,0,0,0,0,2,1,0,0,1,0,0,1,0,3,2,0,1,1,0,0,0,1,0,0,0,0,0,0,0,0,0,1,1,0,0,0,0,0,0,0,0,0,1,0,0,0,2,2,0,0,2,0,0,3,0,1,1,2,0,1,1,2,4,3,1,2,4,3,6,3,5,5,3,6,6,8,3,1,2,6,3,4,8,6,8,3,4,4,7,3,3,3,7,4,3,3,6,5,,
,South West,0,0,0,1,0,0,0,0,0,0,0,1,0,0,0,0,0,0,0,0,0,0,0,0,0,0,0,0,0,0,0,0,0,0,0,0,0,0,0,0,0,0,0,0,0,0,0,0,0,0,0,0,0,0,0,0,0,0,0,0,0,0,0,0,0,0,1,0,1,0,0,2,0,1,1,0,1,2,0,1,0,1,0,2,2,1,1,0,0,1,1,0,2,3,0,1,2,3,7,3,4,1,4,7,2,5,7,3,4,4,2,1,3,8,5,1,5,3,7,4,5,3,1,3,3,5,,
,,90,91,92,93,94,95,96,97,98,99,100,101,102,103,104,105,106,107,108,109,110,111,112,113,114,115,116,117,118,119,120,121,122,123,124,125,,,,,,,,,,,,,,,,,,,,,,,,,,,,,,,,,,,,,,,,,,,,,,,,,,,,,,,,,,,,,,,,,,,,,,,,,,,,,,,,,,,,,,,,,,,,
For NHS trusts and independent sector providers. Note that data prior to 12 October excluded NHS and Independent Sector Mental Health and Learning Disability providers.,,,,,,,,,,,,,,,,,,,,,,,,,,,,,,,,,,,,,,,,,,,,,,,,,,,,,,,,,,,,,,,,,,,,,,,,,,,,,,,,,,,,,,,,,,,,,,,,,,,,,,,,,,,,,,,,,,,,,,,,,,,,,,,,,
Shows the number of patients admitted in the previous 24 hours with COVID-19 or diagnosed with COVID-19 in the previous 24 hours where admitted from Care Homes,,,,,,,,,,,,,,,,,,,,,,,,,,,,,,,,,,,,,,,,,,,,,,,,,,,,,,,,,,,,,,,,,,,,,,,,,,,,,,,,,,,,,,,,,,,,,,,,,,,,,,,,,,,,,,,,,,,,,,,,,,,,,,,,,
,,,,,,,,,,,,,,,,,,,,,,,,,,,,,,,,,,,,,,,,,,,,,,,,,,,,,,,,,,,,,,,,,,,,,,,,,,,,,,,,,,,,,,,,,,,,,,,,,,,,,,,,,,,,,,,,,,,,,,,,,,,,,,,,,
6. Total beds - occupied by confirmed COVID-19 patients (as at 08:00),,,,,,,,,,,,,,,,,,,,,,,,,,,,,,,,,,,,,,,,,,,,,,,,,,,,,,,,,,,,,,,,,,,,,,,,,,,,,,,,,,,,,,,,,,,,,,,,,,,,,,,,,,,,,,,,,,,,,,,,,,,,,,,,,
,,,,,,,,,,,,,,,,,,,,,,,,,,,,,,,,,,,,,,,,,,,,,,,,,,,,,,,,,,,,,,,,,,,,,,,,,,,,,,,,,,,,,,,,,,,,,,,,,,,,,,,,,,,,,,,,,,,,,,,,,,,,,,,,,
,Name,1-Aug-20,2-Aug-20,3-Aug-20,4-Aug-20,5-Aug-20,6-Aug-20,7-Aug-20,8-Aug-20,9-Aug-20,10-Aug-20,11-Aug-20,12-Aug-20,13-Aug-20,14-Aug-20,15-Aug-20,16-Aug-20,17-Aug-20,18-Aug-20,19-Aug-20,20-Aug-20,21-Aug-20,22-Aug-20,23-Aug-20,24-Aug-20,25-Aug-20,26-Aug-20,27-Aug-20,28-Aug-20,29-Aug-20,30-Aug-20,31-Aug-20,1-Sep-20,2-Sep-20,3-Sep-20,4-Sep-20,5-Sep-20,6-Sep-20,7-Sep-20,8-Sep-20,9-Sep-20,10-Sep-20,11-Sep-20,12-Sep-20,13-Sep-20,14-Sep-20,15-Sep-20,16-Sep-20,17-Sep-20,18-Sep-20,19-Sep-20,20-Sep-20,21-Sep-20,22-Sep-20,23-Sep-20,24-Sep-20,25-Sep-20,26-Sep-20,27-Sep-20,28-Sep-20,29-Sep-20,30-Sep-20,1-Oct-20,2-Oct-20,3-Oct-20,4-Oct-20,5-Oct-20,6-Oct-20,7-Oct-20,8-Oct-20,9-Oct-20,10-Oct-20,11-Oct-20,12-Oct-20,13-Oct-20,14-Oct-20,15-Oct-20,16-Oct-20,17-Oct-20,18-Oct-20,19-Oct-20,20-Oct-20,21-Oct-20,22-Oct-20,23-Oct-20,24-Oct-20,25-Oct-20,26-Oct-20,27-Oct-20,28-Oct-20,29-Oct-20,30-Oct-20,31-Oct-20,1-Nov-20,2-Nov-20,3-Nov-20,4-Nov-20,5-Nov-20,6-Nov-20,7-Nov-20,8-Nov-20,9-Nov-20,10-Nov-20,11-Nov-20,12-Nov-20,13-Nov-20,14-Nov-20,15-Nov-20,16-Nov-20,17-Nov-20,18-Nov-20,19-Nov-20,20-Nov-20,21-Nov-20,22-Nov-20,23-Nov-20,24-Nov-20,25-Nov-20,26-Nov-20,27-Nov-20,28-Nov-20,29-Nov-20,30-Nov-20,1-Dec-20,2-Dec-20,3-Dec-20,4-Dec-20,5-Dec-20,6-Dec-20
,ENGLAND,879,847,842,807,805,756,711,650,611,714,672,642,652,642,630,634,626,597,571,551,528,594,522,522,500,485,492,469,478,479,495,496,451,468,474,471,483,555,535,557,572,622,663,691,812,891,929,984,"1,020","1,081","1,174","1,299","1,378","1,439","1,546","1,686","1,689","1,793","1,955","1,954","2,036","2,069","2,180","2,290","2,435","2,705","2,903","3,066","3,179","3,238","3,369","3,604","3,827","4,105","4,313","4,569","4,854","5,029","5,202","5,644","6,072","6,271","6,345","6,842","7,176","7,612","7,856","8,595","9,070","9,127","9,295","9,782","9,623","10,397","10,971","11,037","10,994","11,181","11,514","11,680","12,259","12,033","12,730","12,967","13,328","13,399","13,886","14,313","14,411","14,490","14,479","14,236","14,118","14,354","14,712","14,506","14,240","13,908","13,754","13,208","13,521","13,756","13,507","13,212","12,896","12,987","12,968","13,189"
,East of England,85,80,73,69,70,72,60,59,59,63,61,56,57,52,60,54,57,47,49,47,40,34,31,35,28,37,29,30,30,30,31,31,31,31,30,25,27,27,25,31,27,15,20,21,25,35,40,42,37,39,38,41,42,37,41,45,52,64,76,89,86,79,93,101,98,115,119,128,119,135,135,140,149,166,183,217,223,241,241,277,295,314,334,343,356,406,419,454,474,476,501,505,527,555,598,595,611,620,608,636,650,672,709,718,767,783,820,856,891,881,889,895,904,902,956,977,957,969,969,961,948,991,997,"1,014","1,035","1,072","1,064","1,108"
,London,126,120,122,118,111,113,105,126,107,107,105,111,104,103,100,100,107,98,90,89,84,79,84,85,81,83,86,82,73,78,81,88,84,87,86,90,87,98,100,96,98,115,98,100,123,136,137,147,150,161,171,190,210,210,219,230,200,224,267,275,278,275,276,280,287,326,320,350,343,348,341,365,389,442,430,439,490,502,542,594,610,633,606,698,722,762,815,889,933,921,945,963,"1,032","1,067","1,111","1,132","1,102","1,085","1,108","1,114","1,210","1,211","1,223","1,269","1,298","1,357","1,390","1,474","1,520","1,519","1,551","1,576","1,591","1,605","1,675","1,626","1,611","1,643","1,674","1,635","1,663","1,677","1,701","1,637","1,685","1,659","1,710","1,766"
,Midlands,216,194,206,182,181,179,178,96,101,160,154,148,150,141,141,146,157,160,156,145,138,146,149,148,147,140,143,135,133,131,127,123,85,83,81,80,79,96,97,100,107,118,132,151,164,198,189,187,206,221,248,265,278,286,304,346,345,369,382,379,374,391,415,417,447,479,495,517,522,548,549,611,661,667,707,796,843,872,905,"1,003","1,090","1,148","1,230","1,301","1,379","1,449","1,330","1,700","1,935","1,871","1,950","2,010","1,929","2,044","2,350","2,332","2,339","2,345","2,453","2,545","2,634","2,605","2,805","2,948","3,039","3,126","3,183","3,274","3,335","3,395","3,425","3,329","3,320","3,401","3,414","3,406","3,378","3,245","3,203","3,079","3,120","3,130","3,084","3,054","2,843","2,967","3,021","3,087"
,North East and Yorkshire,117,120,115,123,128,132,111,117,117,121,114,108,114,108,102,102,99,90,88,82,82,154,82,83,79,79,83,80,84,82,82,81,84,86,89,89,90,100,84,92,95,117,130,143,155,155,188,208,214,226,254,285,303,313,337,379,393,420,444,429,474,502,544,584,586,673,741,790,836,804,874,940,"1,025","1,054","1,092","1,147","1,169","1,200","1,269","1,362","1,436","1,496","1,574","1,638","1,730","1,851","2,004","2,116","2,204","2,216","2,299","2,482","2,209","2,624","2,721","2,732","2,802","2,798","3,012","2,934","3,057","2,946","3,141","3,228","3,268","3,109","3,327","3,473","3,472","3,417","3,342","3,297","3,270","3,353","3,437","3,245","3,137","3,030","2,932","2,859","2,862","2,876","2,814","2,732","2,551","2,590","2,498","2,545"
,North West,191,188,181,181,183,160,160,154,136,161,154,145,149,148,138,137,118,113,105,106,102,108,103,99,98,81,89,89,103,102,114,119,116,130,133,136,142,167,169,176,177,184,201,198,257,274,292,314,315,340,359,398,424,461,506,540,560,562,631,637,686,688,704,758,852,930,"1,043","1,077","1,146","1,158","1,213","1,274","1,304","1,460","1,554","1,610","1,710","1,772","1,849","1,884","2,099","2,097","2,017","2,200","2,269","2,396","2,495","2,566","2,603","2,676","2,593","2,752","2,800","2,883","2,946","2,956","2,815","2,968","2,883","2,953","3,042","2,876","3,044","3,023","3,042","3,011","3,063","3,158","3,097","3,061","3,025","2,859","2,769","2,794","2,810","2,811","2,700","2,607","2,551","2,355","2,510","2,572","2,517","2,368","2,434","2,368","2,302","2,247"
,South East,123,122,122,111,106,78,77,80,72,82,68,59,63,72,72,71,69,70,65,64,64,51,53,54,50,48,47,39,37,39,42,39,38,39,43,40,44,53,47,48,53,59,63,61,71,78,64,72,82,74,79,91,87,94,104,110,102,114,117,103,103,98,109,100,108,119,121,134,144,162,163,175,189,204,225,233,263,279,228,326,325,358,339,405,456,477,483,528,541,566,589,617,665,713,711,751,770,783,821,820,947,958,"1,011",967,"1,066","1,122","1,173","1,182","1,205","1,227","1,246","1,272","1,300","1,313","1,395","1,403","1,437","1,397","1,429","1,420","1,430","1,494","1,423","1,481","1,442","1,426","1,496","1,549"
,South West,21,23,23,23,26,22,20,18,19,20,16,15,15,18,17,24,19,19,18,18,18,22,20,18,17,17,15,14,18,17,18,15,13,12,12,11,14,14,13,14,15,14,19,17,17,15,19,14,16,20,25,29,34,38,35,36,37,40,38,42,35,36,39,50,57,63,64,70,69,83,94,99,110,112,122,127,156,163,168,198,217,225,245,257,264,271,310,342,380,401,418,453,461,511,534,539,555,582,629,678,719,765,797,814,848,891,930,896,891,990,"1,001","1,008",964,986,"1,025","1,038","1,020","1,017",996,899,988,"1,016",971,926,906,905,877,887
,,90,91,92,93,94,95,96,97,98,99,100,101,102,103,104,105,106,107,108,109,110,111,112,113,114,115,116,117,118,119,120,121,122,123,124,125,,,,,,,,,,,,,,,,,,,,,,,,,,,,,,,,,,,,,,,,,,,,,,,,,,,,,,,,,,,,,,,,,,,,,,,,,,,,,,,,,,,,,,,,,,,,
For NHS trusts and independent sector providers. Note that data prior to 12 October excluded NHS and Independent Sector Mental Health and Learning Disability providers.,,,,,,,,,,,,,,,,,,,,,,,,,,,,,,,,,,,,,,,,,,,,,,,,,,,,,,,,,,,,,,,,,,,,,,,,,,,,,,,,,,,,,,,,,,,,,,,,,,,,,,,,,,,,,,,,,,,,,,,,,,,,,,,,,
Shows the number of beds containing confirmed COVID-19 patients (as at 08:00),,,,,,,,,,,,,,,,,,,,,,,,,,,,,,,,,,,,,,,,,,,,,,,,,,,,,,,,,,,,,,,,,,,,,,,,,,,,,,,,,,,,,,,,,,,,,,,,,,,,,,,,,,,,,,,,,,,,,,,,,,,,,,,,,
,,,,,,,,,,,,,,,,,,,,,,,,,,,,,,,,,,,,,,,,,,,,,,,,,,,,,,,,,,,,,,,,,,,,,,,,,,,,,,,,,,,,,,,,,,,,,,,,,,,,,,,,,,,,,,,,,,,,,,,,,,,,,,,,,
7. Mechanical Ventilation beds - occupied by confirmed COVID-19 patients (as at 08:00),,,,,,,,,,,,,,,,,,,,,,,,,,,,,,,,,,,,,,,,,,,,,,,,,,,,,,,,,,,,,,,,,,,,,,,,,,,,,,,,,,,,,,,,,,,,,,,,,,,,,,,,,,,,,,,,,,,,,,,,,,,,,,,,,
,,,,,,,,,,,,,,,,,,,,,,,,,,,,,,,,,,,,,,,,,,,,,,,,,,,,,,,,,,,,,,,,,,,,,,,,,,,,,,,,,,,,,,,,,,,,,,,,,,,,,,,,,,,,,,,,,,,,,,,,,,,,,,,,,
,Name,1-Aug-20,2-Aug-20,3-Aug-20,4-Aug-20,5-Aug-20,6-Aug-20,7-Aug-20,8-Aug-20,9-Aug-20,10-Aug-20,11-Aug-20,12-Aug-20,13-Aug-20,14-Aug-20,15-Aug-20,16-Aug-20,17-Aug-20,18-Aug-20,19-Aug-20,20-Aug-20,21-Aug-20,22-Aug-20,23-Aug-20,24-Aug-20,25-Aug-20,26-Aug-20,27-Aug-20,28-Aug-20,29-Aug-20,30-Aug-20,31-Aug-20,1-Sep-20,2-Sep-20,3-Sep-20,4-Sep-20,5-Sep-20,6-Sep-20,7-Sep-20,8-Sep-20,9-Sep-20,10-Sep-20,11-Sep-20,12-Sep-20,13-Sep-20,14-Sep-20,15-Sep-20,16-Sep-20,17-Sep-20,18-Sep-20,19-Sep-20,20-Sep-20,21-Sep-20,22-Sep-20,23-Sep-20,24-Sep-20,25-Sep-20,26-Sep-20,27-Sep-20,28-Sep-20,29-Sep-20,30-Sep-20,1-Oct-20,2-Oct-20,3-Oct-20,4-Oct-20,5-Oct-20,6-Oct-20,7-Oct-20,8-Oct-20,9-Oct-20,10-Oct-20,11-Oct-20,12-Oct-20,13-Oct-20,14-Oct-20,15-Oct-20,16-Oct-20,17-Oct-20,18-Oct-20,19-Oct-20,20-Oct-20,21-Oct-20,22-Oct-20,23-Oct-20,24-Oct-20,25-Oct-20,26-Oct-20,27-Oct-20,28-Oct-20,29-Oct-20,30-Oct-20,31-Oct-20,1-Nov-20,2-Nov-20,3-Nov-20,4-Nov-20,5-Nov-20,6-Nov-20,7-Nov-20,8-Nov-20,9-Nov-20,10-Nov-20,11-Nov-20,12-Nov-20,13-Nov-20,14-Nov-20,15-Nov-20,16-Nov-20,17-Nov-20,18-Nov-20,19-Nov-20,20-Nov-20,21-Nov-20,22-Nov-20,23-Nov-20,24-Nov-20,25-Nov-20,26-Nov-20,27-Nov-20,28-Nov-20,29-Nov-20,30-Nov-20,1-Dec-20,2-Dec-20,3-Dec-20,4-Dec-20,5-Dec-20,6-Dec-20
,ENGLAND,74,72,67,65,63,61,57,55,56,60,63,68,64,63,68,69,67,64,63,64,64,66,65,62,62,55,62,52,56,52,54,59,59,58,54,50,52,62,64,64,62,129,70,74,88,101,107,108,115,123,142,154,179,192,209,227,223,233,245,259,282,285,311,307,310,331,349,376,368,367,396,401,426,441,468,482,482,495,504,529,560,572,564,602,632,663,682,743,788,803,801,816,804,883,954,997,986,984,"1,003","1,017","1,048","1,010","1,081","1,088","1,158","1,162","1,194","1,198","1,228","1,242","1,241","1,241","1,248","1,259","1,299","1,306","1,300","1,264","1,242","1,204","1,214","1,185","1,182","1,149","1,094","1,113","1,086","1,087"
,East of England,9,9,8,8,8,9,9,11,9,8,8,8,9,6,8,7,8,6,6,6,6,7,5,5,5,5,5,4,4,3,3,3,3,3,1,1,1,1,1,4,2,67,2,2,3,3,3,3,2,3,2,3,3,2,4,3,5,6,9,12,13,12,14,13,14,13,12,13,12,15,17,16,16,20,19,18,19,21,23,21,25,28,25,28,29,30,34,41,42,49,49,51,50,54,63,65,60,61,62,64,68,72,74,73,71,69,73,79,77,78,79,73,82,77,88,83,79,86,82,86,91,86,86,81,81,83,87,84
,London,16,15,17,15,13,11,10,10,12,12,13,17,15,15,15,19,19,19,15,15,16,18,20,15,16,16,16,12,15,13,14,14,13,12,12,11,13,13,15,16,14,15,12,16,21,26,26,25,25,32,32,31,37,35,40,47,38,48,48,50,49,49,56,56,50,56,60,59,51,50,52,57,65,66,77,78,80,83,87,89,88,90,81,99,98,111,117,119,124,131,134,132,136,142,147,151,154,155,156,167,179,179,181,178,194,202,214,209,218,220,222,233,251,248,252,253,261,251,267,248,260,253,259,256,256,249,238,242
,Midlands,13,10,10,13,13,14,10,5,6,9,9,9,8,9,9,7,6,6,7,7,6,7,7,8,10,7,10,6,8,11,10,10,9,9,7,8,9,12,13,13,14,15,18,18,21,25,28,26,29,29,37,42,44,49,54,56,48,53,53,52,57,56,63,60,62,70,71,77,78,76,82,81,89,90,96,91,95,91,88,105,109,122,132,142,149,153,141,171,204,192,193,197,191,197,225,223,227,223,233,231,229,223,238,246,258,267,272,271,280,281,288,290,288,303,312,313,313,306,304,291,286,277,274,262,244,258,245,259
,North East and Yorkshire,9,8,7,7,7,6,7,8,7,5,4,4,4,5,6,6,7,7,7,8,7,6,5,5,6,7,9,9,10,10,10,9,11,11,11,12,13,17,15,14,14,12,14,15,16,18,15,15,18,21,28,33,42,41,43,45,47,52,55,57,65,69,75,77,78,76,81,94,92,90,97,99,104,104,116,118,107,109,113,110,113,109,112,105,113,128,138,147,150,157,148,150,140,167,183,194,197,184,195,197,204,198,210,208,211,216,229,236,249,247,251,246,239,240,244,247,230,223,207,211,204,189,185,186,167,175,169,172
,North West,15,15,13,13,13,13,13,14,14,18,21,23,19,18,21,20,17,16,18,19,19,19,18,18,14,12,14,12,11,10,12,17,17,16,16,13,12,15,16,14,13,16,19,18,23,25,29,32,34,33,39,40,46,56,60,69,77,68,74,82,91,89,93,91,95,104,108,115,117,122,133,132,132,140,135,149,152,160,161,167,186,185,178,190,203,200,215,212,210,213,210,211,209,231,238,257,233,256,262,251,259,229,261,267,280,266,259,270,258,254,244,240,228,233,234,229,228,221,203,191,198,199,194,186,178,181,181,167
,South East,12,15,12,9,9,8,8,7,8,8,8,7,9,10,9,9,9,9,8,8,9,8,8,9,9,6,6,7,5,3,3,4,4,5,6,4,3,3,3,2,3,2,3,3,3,3,5,6,5,4,3,4,5,7,5,4,6,4,5,4,5,8,8,8,8,8,11,12,12,10,10,8,10,10,10,12,12,11,11,18,18,19,17,17,19,20,15,23,25,27,34,35,36,42,41,47,48,45,44,50,53,52,60,58,86,84,83,82,88,93,96,94,96,96,97,111,114,110,113,115,111,120,118,117,110,107,109,105
,South West,0,0,0,0,0,0,0,0,0,0,0,0,0,0,0,1,1,1,2,1,1,1,2,2,2,2,2,2,3,2,2,2,2,2,1,1,1,1,1,1,2,2,2,2,1,1,1,1,2,1,1,1,2,2,3,3,2,2,1,2,2,2,2,2,3,4,6,6,6,4,5,8,10,11,15,16,17,20,21,19,21,19,19,21,21,21,22,30,33,34,33,40,42,50,57,60,67,60,51,57,56,57,57,58,58,58,64,51,58,69,61,65,64,62,72,70,75,67,66,62,64,61,66,61,58,60,57,58
,,90,91,92,93,94,95,96,97,98,99,100,101,102,103,104,105,106,107,108,109,110,111,112,113,114,115,116,117,118,119,120,121,122,123,124,125,,,,,,,,,,,,,,,,,,,,,,,,,,,,,,,,,,,,,,,,,,,,,,,,,,,,,,,,,,,,,,,,,,,,,,,,,,,,,,,,,,,,,,,,,,,,
For NHS trusts and independent sector providers. Note that data prior to 12 October excluded NHS and Independent Sector Mental Health and Learning Disability providers.,,,,,,,,,,,,,,,,,,,,,,,,,,,,,,,,,,,,,,,,,,,,,,,,,,,,,,,,,,,,,,,,,,,,,,,,,,,,,,,,,,,,,,,,,,,,,,,,,,,,,,,,,,,,,,,,,,,,,,,,,,,,,,,,,
Shows the number of MV beds containing confirmed COVID-19 patients (as at 08:00),,,,,,,,,,,,,,,,,,,,,,,,,,,,,,,,,,,,,,,,,,,,,,,,,,,,,,,,,,,,,,,,,,,,,,,,,,,,,,,,,,,,,,,,,,,,,,,,,,,,,,,,,,,,,,,,,,,,,,,,,,,,,,,,,
